Year	Age	Country	Sex	e0
1945	0	AUS	F	70,28
1946	0	AUS	F	70,15
1947	0	AUS	F	70,96
1955	0	AUT	F	70,36
1956	0	AUT	F	70,54
1957	0	AUT	F	70,51
1952	0	BEL	F	70,46
1953	0	BEL	F	70,9
1958	0	BGR	F	70,41
1960	0	BGR	F	70,92
1950	0	CAN	F	70,58
1951	0	CAN	F	70,87
1954	0	CZE	F	70,57
1954	0	FIN	F	70,65
1955	0	FIN	F	70,66
1957	0	FIN	F	70,6
1952	0	FRATNP	F	70,22
1953	0	FRATNP	F	70,23
1960	0	HUN	F	70,17
1962	0	HUN	F	70,13
1948	0	ISL	F	70,65
1956	0	IRL	F	70,72
1957	0	IRL	F	70,64
1955	0	ITA	F	70,36
1957	0	ITA	F	70,09
1960	0	JPN	F	70,14
1961	0	JPN	F	70,83
1959	0	LTU	F	70,63
1947	0	NLD	F	70,84
1948	0	NZL_NP	F	70,83
1949	0	NZL_NP	F	70,74
1945	0	NOR	F	70,45
1960	0	POL	F	70,63
1961	0	POL	F	70,81
1962	0	POL	F	70,53
1970	0	PRT	F	70,11
1971	0	PRT	F	70,12
1956	0	SVK	F	70,41
1942	0	SWE	F	70,36
1943	0	SWE	F	70,08
1946	0	SWE	F	70,67
1947	0	SWE	F	70,63
1949	0	CHE	F	70,04
1951	0	CHE	F	70,97
1948	0	GBR_NP	F	70,62
1949	0	GBR_NP	F	70,3
1950	0	GBR_NP	F	70,92
1951	0	GBR_NP	F	70,68
1948	0	USA	F	70,07
1949	0	USA	F	70,52
1949	0	GBRTENW	F	70,72
1949	0	GBRCENW	F	70,72
1953	0	GBR_SCO	F	70,67
1954	0	GBR_SCO	F	70,58
1955	0	GBR_SCO	F	70,66
1952	0	GBR_NIR	F	70,34
1953	0	GBR_NIR	F	70,65
1954	0	GBR_NIR	F	70,99
1955	0	GBR_NIR	F	70,83
1983	0	NZL_MA	F	70,63
1985	0	NZL_MA	F	70,97
1996	0	NZL_MA	F	70,97
1944	0	NZL_NM	F	70,01
1945	0	NZL_NM	F	70,24
1946	0	NZL_NM	F	70,43
1956	0	DEUTE	F	70,88
1957	0	DEUTE	F	70,51
1958	0	DEUTE	F	70,95
1959	0	DEUTE	F	70,9
1956	0	DEUTW	F	70,89
1977	0	AUS	M	70,07
1978	0	AUS	M	70,33
1979	0	AUS	M	70,85
1984	0	AUT	M	70
1985	0	AUT	M	70,32
1986	0	AUT	M	70,89
1981	0	BEL	M	70,28
1982	0	BEL	M	70,59
1983	0	BEL	M	70,61
1984	0	BEL	M	70,95
2009	0	BGR	M	70,17
2010	0	BGR	M	70,39
2011	0	BGR	M	70,73
2012	0	BGR	M	70,91
1975	0	CAN	M	70
1976	0	CAN	M	70,38
1977	0	CAN	M	70,63
1978	0	CAN	M	70,91
2001	0	HRV	M	70,94
1996	0	CZE	M	70,31
1997	0	CZE	M	70,42
1955	0	DNK	M	70,39
1956	0	DNK	M	70,4
1957	0	DNK	M	70,15
1958	0	DNK	M	70,48
1959	0	DNK	M	70,59
1960	0	DNK	M	70,43
1961	0	DNK	M	70,56
1962	0	DNK	M	70,32
1963	0	DNK	M	70,41
1964	0	DNK	M	70,29
1965	0	DNK	M	70,19
1966	0	DNK	M	70,21
1967	0	DNK	M	70,62
1968	0	DNK	M	70,78
1969	0	DNK	M	70,86
1970	0	DNK	M	70,87
1971	0	DNK	M	70,8
1972	0	DNK	M	70,81
1973	0	DNK	M	70,97
1974	0	DNK	M	70,94
1976	0	DNK	M	70,93
2010	0	EST	M	70,83
1982	0	FIN	M	70,22
1983	0	FIN	M	70,25
1984	0	FIN	M	70,49
1985	0	FIN	M	70,15
1986	0	FIN	M	70,57
1987	0	FIN	M	70,67
1988	0	FIN	M	70,66
1989	0	FIN	M	70,87
1990	0	FIN	M	70,94
1979	0	FRATNP	M	70,05
1980	0	FRATNP	M	70,15
1981	0	FRATNP	M	70,37
1982	0	FRATNP	M	70,71
1983	0	FRATNP	M	70,73
2009	0	HUN	M	70,11
2010	0	HUN	M	70,56
1952	0	ISL	M	70,07
1953	0	ISL	M	70,25
1955	0	ISL	M	70,74
1958	0	ISL	M	70,88
1961	0	ISL	M	70,76
1963	0	ISL	M	70,16
1964	0	ISL	M	70,91
1966	0	ISL	M	70,23
1970	0	ISL	M	70,67
1971	0	ISL	M	70,78
1981	0	IRL	M	70,16
1982	0	IRL	M	70,47
1983	0	IRL	M	70,4
1984	0	IRL	M	70,91
1985	0	IRL	M	70,76
1986	0	IRL	M	70,85
1977	0	ITA	M	70,14
1978	0	ITA	M	70,42
1979	0	ITA	M	70,72
1980	0	ITA	M	70,67
1971	0	JPN	M	70,13
1972	0	JPN	M	70,53
1973	0	JPN	M	70,76
2018	0	LVA	M	70,05
2019	0	LVA	M	70,9
2020	0	LVA	M	70,59
2023	0	LVA	M	70,49
2017	0	LTU	M	70,88
2020	0	LTU	M	70,26
1985	0	LUX	M	70,22
1986	0	LUX	M	70,7
1987	0	LUX	M	70,59
1988	0	LUX	M	70,94
1950	0	NLD	M	70,31
1951	0	NLD	M	70,26
1952	0	NLD	M	70,96
1953	0	NLD	M	70,43
1954	0	NLD	M	70,96
1955	0	NLD	M	70,94
1956	0	NLD	M	70,97
1962	0	NLD	M	70,96
1968	0	NLD	M	70,93
1969	0	NLD	M	70,92
1970	0	NLD	M	70,83
1972	0	NLD	M	70,84
1980	0	NZL_NP	M	70,04
1981	0	NZL_NP	M	70,5
1982	0	NZL_NP	M	70,67
1983	0	NZL_NP	M	70,81
1985	0	NZL_NP	M	70,98
1986	0	NZL_NP	M	70,97
1951	0	NOR	M	70,76
1952	0	NOR	M	70,99
1962	0	NOR	M	70,96
1963	0	NOR	M	70,78
1969	0	NOR	M	70,81
2001	0	POL	M	70,05
2002	0	POL	M	70,37
2003	0	POL	M	70,56
2004	0	POL	M	70,71
2005	0	POL	M	70,84
2006	0	POL	M	70,99
1986	0	PRT	M	70,15
1987	0	PRT	M	70,58
1988	0	PRT	M	70,49
1990	0	PRT	M	70,77
1991	0	PRT	M	70,58
2004	0	SVK	M	70,31
2005	0	SVK	M	70,16
2006	0	SVK	M	70,38
2007	0	SVK	M	70,55
2008	0	SVK	M	70,78
1994	0	SVN	M	70,01
1995	0	SVN	M	70,72
1972	0	ESP	M	70,15
1974	0	ESP	M	70,17
1975	0	ESP	M	70,54
1976	0	ESP	M	70,81
1951	0	SWE	M	70,04
1952	0	SWE	M	70,42
1953	0	SWE	M	70,43
1954	0	SWE	M	70,86
1956	0	SWE	M	70,96
1957	0	SWE	M	70,75
1970	0	CHE	M	70,03
1971	0	CHE	M	70,17
1972	0	CHE	M	70,63
1973	0	CHE	M	70,98
1982	0	TWN	M	70,14
1983	0	TWN	M	70,09
1984	0	TWN	M	70,71
1985	0	TWN	M	70,93
1988	0	TWN	M	70,95
1977	0	GBR_NP	M	70
1979	0	GBR_NP	M	70,06
1980	0	GBR_NP	M	70,51
1981	0	GBR_NP	M	70,85
1979	0	USA	M	70,01
1981	0	USA	M	70,41
1982	0	USA	M	70,8
1983	0	USA	M	70,97
1977	0	GBRTENW	M	70,23
1978	0	GBRTENW	M	70,15
1979	0	GBRTENW	M	70,29
1980	0	GBRTENW	M	70,74
1977	0	GBRCENW	M	70,23
1978	0	GBRCENW	M	70,15
1979	0	GBRCENW	M	70,29
1980	0	GBRCENW	M	70,74
1985	0	GBR_SCO	M	70,05
1986	0	GBR_SCO	M	70,09
1987	0	GBR_SCO	M	70,48
1988	0	GBR_SCO	M	70,49
1989	0	GBR_SCO	M	70,66
1984	0	GBR_NIR	M	70,37
1985	0	GBR_NIR	M	70,48
1986	0	GBR_NIR	M	70,64
1994	0	NZL_MA	M	70,41
2004	0	NZL_MA	M	70,27
1978	0	NZL_NM	M	70,05
1979	0	NZL_NM	M	70,16
1980	0	NZL_NM	M	70,36
1981	0	NZL_NM	M	70,79
1989	0	DEUTE	M	70,18
1992	0	DEUTE	M	70
1993	0	DEUTE	M	70,33
1994	0	DEUTE	M	70,67
1981	0	DEUTW	M	70,14
1982	0	DEUTW	M	70,47
1983	0	DEUTW	M	70,73
